{
    "standardization": {
        "S1_VV": {
            "mean": -8.655922601721425,
            "std": 1.9533637704078641
        },
        "S1_VH": {
            "mean": -14.873347400505569,
            "std": 1.9215443597836535
        },
        "DEM": {
            "mean": 138.49123006441363,
            "std": 73.29116280879434
        }
    },
    "scaling": {
        "S2_B": {
            "min": 0.02459999918937683,
            "max": 0.07680000364780426
        },
        "S2_G": {
            "min": 0.037700001150369644,
            "max": 0.10760000348091125
        },
        "S2_R": {
            "min": 0.0215000007301569,
            "max": 0.12870000302791595
        },
        "S2_N": {
            "min": 0.17759999632835388,
            "max": 0.36059999465942383
        },
        "S2_S1": {
            "min": 0.12364999949932098,
            "max": 0.3596999943256378
        },
        "S2_S2": {
            "min": 0.05009999871253967,
            "max": 0.23453333973884583
        }
    }
}